sec;L1;L2;P1;P2
3000;-910724.042;-910723.357;23116748.702;23116749.816
3030;-925487.347;-925486.650;23101985.256;23101986.191
3060;-940235.876;-940235.167;23087236.728;23087237.808
3090;-954967.326;-954966.604;23072505.153;23072506.205
3120;-969681.546;-969680.810;23057790.844;23057791.742
3150;-984379.133;-984378.385;23043093.507;23043094.131
3180;-999058.453;-999057.693;23028413.784;23028415.012
3210;-1013713.903;-1013713.127;23013758.040;23013759.435
3240;-1028345.404;-1028344.613;22999126.852;22999127.920
3270;-1042952.222;-1042951.418;22984519.900;22984520.839
3300;-1057536.338;-1057535.520;22969935.774;22969936.662
3330;-1072102.896;-1072102.063;22955369.191;22955370.160
3360;-1086659.426;-1086658.577;22940812.721;22940813.718
3390;-1101206.515;-1101205.649;22926265.500;22926266.629
3420;-1115745.568;-1115744.683;22911726.414;22911727.327
3450;-1130271.773;-1130270.872;22897200.218;22897201.209
3480;-1144780.009;-1144779.088;22882691.922;22882693.050
3510;-1159265.928;-1159264.988;22868205.833;22868206.702
3540;-1173728.901;-1173727.945;22853742.776;22853743.628
3570;-1188168.150;-1188167.178;22839303.762;22839304.402
3600;-1202586.789;-1202585.801;22824885.085;22824885.913
3630;-1216985.898;-1216984.894;22810485.761;22810486.702
3660;-1231365.799;-1231364.781;22796105.646;22796106.413
3690;-1245726.758;-1245725.727;22781744.604;22781745.415
3720;-1260069.190;-1260068.146;22767402.381;22767403.245
3750;-1274391.816;-1274390.759;22753079.721;22753080.581
3780;-1288695.424;-1288694.356;22738776.122;22738776.682
3810;-1302981.645;-1302980.566;22724489.768;22724490.448
3840;-1317248.733;-1317247.644;22710222.692;22710223.283
3870;-1331497.219;-1331496.119;22695974.103;22695974.888
3900;-1345727.630;-1345726.519;22681743.785;22681744.543
3930;-1359937.122;-1359936.002;22667534.394;22667534.962
3960;-1374123.618;-1374122.487;22653347.741;22653348.342
3990;-1388288.269;-1388287.127;22639183.015;22639183.881
4020;-1402429.174;-1402428.019;22625041.945;22625042.914
4050;-1416546.003;-1416544.837;22610925.052;22610925.798
4080;-1430641.830;-1430640.653;22596829.235;22596829.898
4110;-1444717.042;-1444715.854;22582754.049;22582754.687
4140;-1458770.165;-1458768.965;22568701.003;22568701.641
4170;-1472801.773;-1472800.560;22554669.296;22554669.968
4200;-1486811.091;-1486809.865;22540659.846;22540660.543
4230;-1500796.364;-1500795.128;22526674.570;22526675.174
4260;-1514758.180;-1514756.932;22512712.645;22512713.198
4290;-1528698.187;-1528696.929;22498772.560;22498773.147
4320;-1542616.998;-1542615.729;22484853.771;22484854.344
4350;-1556515.124;-1556513.846;22470955.531;22470956.028
4380;-1570391.246;-1570389.960;22457079.280;22457079.947
4410;-1584243.687;-1584242.392;22443227.015;22443227.533
4440;-1598072.561;-1598071.258;22429398.277;22429398.754
4470;-1611876.040;-1611874.731;22415594.513;22415595.199
4500;-1625655.230;-1625653.916;22401815.402;22401815.753
4530;-1639413.192;-1639411.875;22388057.443;22388058.000
4560;-1653149.185;-1653147.862;22374321.229;22374322.136
4590;-1666860.887;-1666859.558;22360609.601;22360610.341
4620;-1680549.283;-1680547.947;22346921.532;22346921.861
4650;-1694211.427;-1694210.086;22333259.206;22333259.673
4680;-1707843.864;-1707842.515;22319626.739;22319627.127
4710;-1721449.882;-1721448.526;22306020.848;22306021.161
4740;-1735030.395;-1735029.030;22292440.255;22292440.727
4770;-1748584.439;-1748583.063;22278886.111;22278886.628
4800;-1762113.268;-1762111.880;22265357.423;22265357.826
4830;-1775618.560;-1775617.161;22251852.046;22251852.434
4860;-1789096.028;-1789094.617;22238374.390;22238374.936
4890;-1802544.430;-1802543.005;22224925.818;22224926.224
4920;-1815963.744;-1815962.306;22211506.614;22211506.928
4950;-1829352.942;-1829351.490;22198117.194;22198117.726
4980;-1842712.339;-1842710.872;22184757.876;22184758.231
5010;-1856044.127;-1856042.647;22171426.063;22171426.168
5040;-1869348.840;-1869347.348;22158121.350;22158121.697
5070;-1882627.897;-1882626.392;22144842.289;22144842.619
5100;-1895881.220;-1895879.704;22131588.874;22131589.021
5130;-1909108.268;-1909106.742;22118361.659;22118362.003
5160;-1922309.714;-1922308.176;22105160.427;22105160.720
5190;-1935486.173;-1935484.626;22091983.801;22091983.973
5220;-1948636.843;-1948635.286;22078832.973;22078833.304
5250;-1961761.999;-1961760.434;22065708.024;22065708.102
5280;-1974860.203;-1974858.629;22052609.861;22052609.914
5310;-1987928.213;-1987926.630;22039541.518;22039541.794
5340;-2000963.460;-2000961.868;22026506.323;22026506.448
5370;-2013963.836;-2013962.237;22013506.170;22013506.109
5400;-2026929.069;-2026927.464;22000540.607;22000541.003
5430;-2039860.257;-2039858.643;21987609.394;21987609.807
5460;-2052760.495;-2052758.876;21974709.242;21974709.363
5490;-2065631.440;-2065629.815;21961838.177;21961838.366
5520;-2078473.499;-2078471.867;21948996.196;21948996.523
5550;-2091286.491;-2091284.854;21936183.291;21936183.358
5580;-2104070.224;-2104068.582;21923399.582;21923399.571
5610;-2116822.872;-2116821.225;21910646.682;21910646.979
5640;-2129543.889;-2129542.235;21897925.664;21897925.861
5670;-2142235.271;-2142233.614;21885234.618;21885234.616
5700;-2154895.636;-2154893.976;21872573.916;21872574.348
5730;-2167521.931;-2167520.265;21859947.489;21859947.866
5760;-2180113.614;-2180111.945;21847355.928;21847355.992
5790;-2192670.673;-2192669.000;21834798.849;21834799.235
5820;-2205190.243;-2205188.566;21822279.168;21822279.523
5850;-2217675.441;-2217673.761;21809794.140;21809794.387
5880;-2230129.203;-2230127.521;21797340.422;21797340.580
5910;-2242552.078;-2242550.391;21784917.539;21784917.639
5940;-2254942.206;-2254940.515;21772527.365;21772527.439
5970;-2267298.409;-2267296.714;21760171.007;21760171.201
6000;-2279615.754;-2279614.053;21747853.784;21747853.794
6030;-2291891.459;-2291889.753;21735578.049;21735578.163
6060;-2304124.441;-2304122.729;21723345.095;21723345.198
6090;-2316318.973;-2316317.256;21711150.443;21711150.373
6120;-2328478.910;-2328477.187;21698990.565;21698990.617
6150;-2340608.784;-2340607.054;21686860.638;21686860.827
6180;-2352711.708;-2352709.972;21674757.656;21674757.893
6210;-2364787.409;-2364785.665;21662681.922;21662682.055
6240;-2376830.185;-2376828.432;21650639.173;21650639.097
6270;-2388835.578;-2388833.818;21638633.644;21638633.751
6300;-2400799.247;-2400797.477;21626670.017;21626670.136
6330;-2412717.448;-2412715.670;21614751.946;21614751.943
6360;-2424589.359;-2424587.572;21602879.984;21602879.952
6390;-2436417.580;-2436415.786;21591051.488;21591051.494
6420;-2448204.860;-2448203.059;21579264.355;21579264.467
6450;-2459954.089;-2459952.281;21567515.080;21567515.311
6480;-2471668.253;-2471666.438;21555800.728;21555800.815
6510;-2483348.268;-2483346.446;21544120.945;21544120.929
6540;-2494994.103;-2494992.275;21532474.901;21532474.927
6570;-2506604.032;-2506602.198;21520865.044;21520865.035
6600;-2518174.119;-2518172.278;21509294.944;21509295.087
6630;-2529702.202;-2529700.357;21497766.913;21497766.851
6660;-2541188.042;-2541186.193;21486280.880;21486280.908
6690;-2552629.032;-2552627.177;21474839.782;21474839.871
6720;-2564025.631;-2564023.771;21463443.405;21463443.479
6750;-2575381.174;-2575379.310;21452087.838;21452087.859
6780;-2586696.963;-2586695.095;21440771.925;21440772.013
6810;-2597973.422;-2597971.550;21429495.476;21429495.441
6840;-2609212.504;-2609210.627;21418256.498;21418256.318
6870;-2620412.845;-2620410.965;21407056.221;21407055.963
6900;-2631571.631;-2631569.746;21395897.221;21395897.195
6930;-2642684.190;-2642682.300;21384784.721;21384784.705
6960;-2653748.250;-2653746.355;21373720.571;21373720.617
6990;-2664763.157;-2664761.258;21362705.709;21362705.623
7020;-2675729.538;-2675727.633;21351739.360;21351739.124
7050;-2686648.064;-2686646.154;21340820.773;21340820.606
7080;-2697523.294;-2697521.378;21329945.403;21329945.471
7110;-2708355.295;-2708353.373;21319113.391;21319113.415
7140;-2719141.681;-2719139.754;21308327.295;21308326.988
7170;-2729881.439;-2729879.507;21297587.325;21297587.246
7200;-2740573.832;-2740571.895;21286894.875;21286894.895
7230;-2751217.518;-2751215.574;21276251.165;21276251.106
7260;-2761815.463;-2761813.514;21265653.399;21265653.098
7290;-2772371.507;-2772369.554;21255097.305;21255097.104
7320;-2782887.254;-2782885.297;21244581.441;21244581.387
7350;-2793362.896;-2793360.934;21234105.744;21234105.568
7380;-2803794.824;-2803792.860;21223673.806;21223673.777
7410;-2814179.121;-2814177.151;21213289.496;21213289.400
7440;-2824511.124;-2824509.150;21202957.541;21202957.357
7470;-2834787.003;-2834785.026;21192681.623;21192681.549
7500;-2845007.864;-2845005.885;21182460.708;21182460.587
7530;-2855176.448;-2855174.465;21172292.117;21172291.960
7560;-2865292.985;-2865290.998;21162175.622;21162175.436
7590;-2875361.231;-2875359.241;21152107.351;21152107.191
7620;-2885383.738;-2885381.744;21142084.932;21142084.729
7650;-2895357.374;-2895355.378;21132111.206;21132110.962
7680;-2905281.072;-2905279.072;21122187.510;21122187.337
7710;-2915154.469;-2915152.466;21112314.070;21112313.947
7740;-2924974.952;-2924972.946;21102493.594;21102493.347
7770;-2934741.972;-2934739.963;21092726.563;21092726.333
7800;-2944457.874;-2944455.862;21083010.691;21083010.495
7830;-2954123.177;-2954121.161;21073345.342;21073345.212
7860;-2963738.168;-2963736.150;21063730.573;21063730.234
7890;-2973302.174;-2973300.152;21054166.461;21054166.282
7920;-2982815.348;-2982813.323;21044653.043;21044652.868
7950;-2992275.466;-2992273.437;21035193.006;21035192.874
7980;-3001682.176;-3001680.144;21025786.372;21025786.190
8010;-3011035.736;-3011033.701;21016432.760;21016432.550
8040;-3020336.799;-3020334.762;21007131.520;21007131.452
8070;-3029583.673;-3029581.632;20997884.734;20997884.534
8100;-3038776.540;-3038774.496;20988691.893;20988691.701
